{
    "users" : {
        "jcheruk" : {
        "issues" : {
            "issue-1" : {
                "summary" : "Design the bot",
                "description" : "Design the bot with UML diagrams",
                "points": 6,
                "status" : "Done",
                "project-key" : "Focus-1"
            },
            "issue-2" : {
                "summary" : "Unit test the bot",
                "description" : "Perform unit testing using JUnit",
                "points": 2,
                "status" : "In Progress",
                "project-key" : "Focus-1"
            },
            "issue-3" : {
                "summary" : "Integration test the bot",
                "description" : "Perform browser automation using Selenium",
                "points": 4,
                "status" : "To Do",
                "project-key" : "Focus-1"
            }

        },
         "active_sprint" : 1
    },

    "pbhalas" : {
    }
}
}